<?xml version="1.0" encoding="UTF-8"?>
<rss version="2.0" xmlns:atom="http://www.w3.org/2005/Atom">
  <channel>
    <title>AdamouizationFilms</title>
    <description>Filmmaker enthusiast from Monaco studying a Masters in Artificial Intelligence at the University of St Andrews
</description>
    <link>http://localhost:4000/</link>
    <atom:link href="http://localhost:4000/feed.xml" rel="self" type="application/rss+xml"/>
    <pubDate>Fri, 20 Sep 2019 14:53:34 +0100</pubDate>
    <lastBuildDate>Fri, 20 Sep 2019 14:53:34 +0100</lastBuildDate>
    <generator>Jekyll v3.6.3</generator>
    
      <item>
        <title>Mauritius 2016</title>
        <description>&lt;p&gt;Short edit of my trip to Mauritius during the summer of 2016. It was a great place to relax but also to do a lot of water
sports and to capture great shots!&lt;/p&gt;

&lt;p&gt;The main challenge of this video was to film everything with no professional equipment (I left my Canon Legria HV40 and 
Nikon D7000 at home), using only my iPhone 6 and my GoPro Hero 3 Black.&lt;/p&gt;

&lt;hr /&gt;

&lt;p&gt;&lt;strong&gt;Cameras&lt;/strong&gt;: GoPro Hero 3 (Black Edition) &amp;amp; iPhone 6 (with Aukley lens)&lt;/p&gt;

&lt;p&gt;&lt;strong&gt;Software&lt;/strong&gt;: with Final Cut Pro X&lt;/p&gt;

&lt;p&gt;&lt;strong&gt;Music&lt;/strong&gt;: Go F**k Yourself - Two Feet&lt;/p&gt;
</description>
        <pubDate>Thu, 22 Sep 2016 18:00:00 +0100</pubDate>
        <link>http://localhost:4000/edit/2016/09/22/mauritius.html</link>
        <guid isPermaLink="true">http://localhost:4000/edit/2016/09/22/mauritius.html</guid>
        
        
        <category>Edit</category>
        
      </item>
    
      <item>
        <title>Matter - 3D Vines Reel</title>
        <description>&lt;p&gt;A Collection of my best 3D structures renders on &lt;a href=&quot;https://vine.co/Adamouization&quot;&gt;Vine&lt;/a&gt;.&lt;/p&gt;

&lt;p&gt;During the summer of 2014, I started creating artistic Vines using a combination of visual 3D structures and electronic music matching the clip.&lt;/p&gt;

&lt;p&gt;I gathered over &lt;strong&gt;500 000 loops&lt;/strong&gt; on Vine with 24 posts, being featured on the &lt;em&gt;Technology&lt;/em&gt; page for most of those Vines.&lt;/p&gt;

&lt;p&gt;These structures were rendered using an iOS app called Matter, developed by &lt;a href=&quot;http://pixiteapps.com/&quot;&gt;Pixite&lt;/a&gt;.&lt;/p&gt;

&lt;hr /&gt;

&lt;p&gt;@Twitter Mention by the developers&lt;/p&gt;

&lt;div style=&quot;text-align: center;&quot;&gt;
    &lt;blockquote class=&quot;twitter-tweet tw-align-center&quot; data-cards=&quot;hidden&quot; data-lang=&quot;en&quot;&gt;&lt;p lang=&quot;en&quot; dir=&quot;ltr&quot;&gt;Very cool video using &lt;a href=&quot;https://twitter.com/matter_app?ref_src=twsrc%5Etfw&quot;&gt;@matter_app&lt;/a&gt; by &lt;a href=&quot;https://twitter.com/Adamouization?ref_src=twsrc%5Etfw&quot;&gt;@Adamouization&lt;/a&gt; &lt;a href=&quot;https://t.co/30JE8OWB4g&quot;&gt;https://t.co/30JE8OWB4g&lt;/a&gt; Find more of his work on Vine &lt;a href=&quot;https://t.co/rB0NmC23J5&quot;&gt;https://t.co/rB0NmC23J5&lt;/a&gt;&lt;/p&gt;&amp;mdash; Pixite (@pixiteapps) &lt;a href=&quot;https://twitter.com/pixiteapps/status/629722693579878400?ref_src=twsrc%5Etfw&quot;&gt;August 7, 2015&lt;/a&gt;&lt;/blockquote&gt;
    &lt;script async=&quot;&quot; src=&quot;https://platform.twitter.com/widgets.js&quot; charset=&quot;utf-8&quot;&gt;&lt;/script&gt;
&lt;/div&gt;

&lt;hr /&gt;

&lt;p&gt;&lt;strong&gt;Software&lt;/strong&gt;: Final Cut Pro X &amp;amp; Matter (iOS)&lt;/p&gt;

&lt;p&gt;&lt;strong&gt;Pictures copyright&lt;/strong&gt;: Adamouization©, Nasa, Pixite Apps, &amp;amp; ell_ffa&lt;/p&gt;

&lt;p&gt;&lt;strong&gt;Music&lt;/strong&gt;: Electric Feel (Kygo Remix) - Henry Green&lt;/p&gt;
</description>
        <pubDate>Fri, 07 Aug 2015 18:00:00 +0100</pubDate>
        <link>http://localhost:4000/reel/2015/08/07/matter.html</link>
        <guid isPermaLink="true">http://localhost:4000/reel/2015/08/07/matter.html</guid>
        
        
        <category>Reel</category>
        
      </item>
    
      <item>
        <title>Formula 1 - 2015 Monaco Grand-Prix Highlights</title>
        <description>&lt;p&gt;Every year since 2011 I have been filming my personal footage of the Monaco Grand-Prix, one of the most prestigious sport events on the planet.&lt;/p&gt;

&lt;p&gt;This post in specific showcases my &lt;em&gt;Highlight Summary of the 2015 Formula 1 Monaco Grand-Prix&lt;/em&gt;, which was an exciting weekend in Monaco with some great racing during the day and wild nightlife once the sun set.&lt;/p&gt;

&lt;hr /&gt;

&lt;p&gt;You can find all of my &lt;strong&gt;Formula 1&lt;/strong&gt; videos on my second channel, &lt;a href=&quot;https://www.youtube.com/user/AdamouizationF1/featured&quot;&gt;AdamouizationF1&lt;/a&gt;, where I post &lt;strong&gt;raw footage&lt;/strong&gt; with &lt;strong&gt;pure sound&lt;/strong&gt; of all the events during each Monaco Grand-Prix weekend.&lt;/p&gt;

&lt;p&gt;The videos include the practice, qualification and race sessions of Formula 1, but also the support series including Formula 2 (ex GP2), GP3, Formula Renault 3.5, Eurocup Formula Renault 2.0 and Porsche Mobil 1 Supercup.&lt;/p&gt;

&lt;p&gt;You can also find videos of the Historic Grand-Prix of Monaco and the Formula E ePrix of Monaco.&lt;/p&gt;

&lt;p&gt;All of these videos are available in the &lt;strong&gt;playlists below&lt;/strong&gt; or directly at &lt;a href=&quot;https://www.youtube.com/user/AdamouizationF1/featured&quot;&gt;AdamouizationF1&lt;/a&gt;.&lt;/p&gt;

&lt;hr /&gt;

&lt;p&gt;&lt;a href=&quot;https://www.youtube.com/watch?v=kuxEXwlRGBk&amp;amp;list=PLEa8txVppfC2XZoByJo7z3pmVO_VllbGV&quot;&gt;2018 - 76th Formula 1 Grand-Prix videos&lt;/a&gt;&lt;/p&gt;

&lt;p&gt;&lt;a href=&quot;https://www.youtube.com/watch?v=V6B8riQLGJM&amp;amp;list=PLEa8txVppfC24OIalQmgqbwACUMQirKR6&quot;&gt;2015 - 73rd Formula 1 Grand-Prix videos&lt;/a&gt;&lt;/p&gt;

&lt;p&gt;&lt;a href=&quot;https://www.youtube.com/watch?v=-D72VWKcqBI&amp;amp;list=PLEa8txVppfC3veHQRu8T0F162yDF0IgMT&quot;&gt;2015 - 1st Monaco Formula E ePrix&lt;/a&gt;&lt;/p&gt;

&lt;p&gt;&lt;a href=&quot;https://www.youtube.com/watch?v=pQghPzMvRWk&amp;amp;list=PLEa8txVppfC28o0sWKrQygP61FDJVQpMk&quot;&gt;2014 - 72nd Formula 1 Grand-Prix videos&lt;/a&gt;&lt;/p&gt;

&lt;p&gt;&lt;a href=&quot;https://www.youtube.com/watch?v=zgLtMRi9E4Y&amp;amp;list=PLEa8txVppfC1BNTSlKKt7xXzoZgvhuPIO&quot;&gt;2014 - 9th Historic Grand-Prix of Monaco&lt;/a&gt;&lt;/p&gt;

&lt;hr /&gt;

&lt;p&gt;&lt;strong&gt;Cameras&lt;/strong&gt;: Canon Legria HV40 with Rode Videomic Pro, Nikon D700 (9mm lens) and GoPro Hero 3 Black&lt;/p&gt;

&lt;p&gt;&lt;strong&gt;Software&lt;/strong&gt;: Final Cut Pro X&lt;/p&gt;

&lt;p&gt;&lt;strong&gt;Music&lt;/strong&gt;: You Know You Like It (Tchami Remix) - AlunaGeorge&lt;/p&gt;
</description>
        <pubDate>Fri, 29 May 2015 18:00:00 +0100</pubDate>
        <link>http://localhost:4000/edit/2015/05/29/formula1_2015.html</link>
        <guid isPermaLink="true">http://localhost:4000/edit/2015/05/29/formula1_2015.html</guid>
        
        
        <category>Edit</category>
        
      </item>
    
      <item>
        <title>Formula E - 2015 Monaco E-Prix Highlights</title>
        <description>&lt;p&gt;Highlights of the first ever Formula E ePrix race in the streets of Monaco.&lt;/p&gt;

&lt;p&gt;You can also view videos of each session of the weekend with pure sound in the playlist below on &lt;a href=&quot;https://www.youtube.com/channel/UCyqYenGBWXLc_ocBE-CMwOw&quot;&gt;AdamouizationF1&lt;/a&gt;&lt;/p&gt;

&lt;p&gt;&lt;a href=&quot;https://www.youtube.com/watch?v=-D72VWKcqBI&amp;amp;list=PLEa8txVppfC3veHQRu8T0F162yDF0IgMT&quot;&gt;2015 Formula E Monaco ePrix playlist&lt;/a&gt;&lt;/p&gt;

&lt;hr /&gt;

&lt;p&gt;&lt;strong&gt;Cameras&lt;/strong&gt;: Canon Legria HV40 and GoPro Hero 3 Black with FlowMow (timelapses)&lt;/p&gt;

&lt;p&gt;&lt;strong&gt;Software&lt;/strong&gt;: Final Cut Pro X&lt;/p&gt;

&lt;p&gt;&lt;strong&gt;Music&lt;/strong&gt;: The Only Way Is Up - Martin Garrix &amp;amp; Tiësto&lt;/p&gt;
</description>
        <pubDate>Sun, 10 May 2015 18:00:00 +0100</pubDate>
        <link>http://localhost:4000/edit/2015/05/10/formulae_2015.html</link>
        <guid isPermaLink="true">http://localhost:4000/edit/2015/05/10/formulae_2015.html</guid>
        
        
        <category>Edit</category>
        
      </item>
    
      <item>
        <title>4 Year Anniversary Edit</title>
        <description>&lt;p&gt;It’s already been &lt;strong&gt;4 years&lt;/strong&gt; since the creation of Adamouization with my first upload to my YouTube channel!&lt;/p&gt;

&lt;p&gt;I can’t thank you enough for all the support I’ve received since I started out in &lt;strong&gt;2011&lt;/strong&gt;!&lt;/p&gt;

&lt;p&gt;By 2013 we had already reached &lt;strong&gt;1.3M views&lt;/strong&gt; and &lt;strong&gt;2000 subscribers&lt;/strong&gt;, but although my previous channel was deleted due 
to copyright reasons, the achievement and the support was what really mattered! I learned a lot in terms of filmmaking 
techniques and that would not have happened if I didn’t have anyone to show it to!&lt;/p&gt;

&lt;p&gt;So I want to take the time to thank every single person who clicked on the like or subscribe button on YouTube, 
Facebook, Instagram, Soundcloud or Vine: what you see in this video would not have been possible without you!&lt;/p&gt;

&lt;hr /&gt;

&lt;p&gt;&lt;strong&gt;Software&lt;/strong&gt;: Final Cut Pro X&lt;/p&gt;

&lt;p&gt;&lt;strong&gt;Music&lt;/strong&gt;: Forbidden Voices - Martin Garrix&lt;/p&gt;
</description>
        <pubDate>Thu, 12 Feb 2015 17:00:00 +0000</pubDate>
        <link>http://localhost:4000/reel/2015/02/12/4yearanniversary.html</link>
        <guid isPermaLink="true">http://localhost:4000/reel/2015/02/12/4yearanniversary.html</guid>
        
        
        <category>Reel</category>
        
      </item>
    
      <item>
        <title>Timelapses - Showreel 2014</title>
        <description>&lt;p&gt;A short edit of the timelapses shot during the summer of 2014 in the following locations:&lt;/p&gt;

&lt;p&gt;Monaco &lt;em&gt;(MON)&lt;/em&gt;&lt;/p&gt;

&lt;p&gt;Nantes &lt;em&gt;(FRA)&lt;/em&gt;&lt;/p&gt;

&lt;p&gt;Oléron &lt;em&gt;(FRA)&lt;/em&gt;&lt;/p&gt;

&lt;p&gt;Las Vegas &lt;em&gt;(USA)&lt;/em&gt;&lt;/p&gt;

&lt;p&gt;Los Angeles &lt;em&gt;(USA)&lt;/em&gt;&lt;/p&gt;

&lt;p&gt;San Francisco &lt;em&gt;(USA)&lt;/em&gt;&lt;/p&gt;

&lt;p&gt;San Diego &lt;em&gt;(USA)&lt;/em&gt;&lt;/p&gt;

&lt;p&gt;Santa Barbara &lt;em&gt;(USA)&lt;/em&gt;&lt;/p&gt;

&lt;p&gt;Monterey &lt;em&gt;(USA)&lt;/em&gt;&lt;/p&gt;

&lt;p&gt;Sonoma &lt;em&gt;(USA)&lt;/em&gt;&lt;/p&gt;

&lt;hr /&gt;

&lt;p&gt;&lt;strong&gt;Cameras&lt;/strong&gt;: GoPro Hero 3 Black &amp;amp; Canon Legria HV40&lt;/p&gt;

&lt;p&gt;&lt;strong&gt;Software&lt;/strong&gt;: Final Cut Pro X&lt;/p&gt;

&lt;p&gt;&lt;strong&gt;Music&lt;/strong&gt;: Solar Sailer (Pretty Lights Remix) - Daft Punk&lt;/p&gt;
</description>
        <pubDate>Sat, 11 Oct 2014 18:00:00 +0100</pubDate>
        <link>http://localhost:4000/reel/2014/10/11/timelapseshowreel_2014.html</link>
        <guid isPermaLink="true">http://localhost:4000/reel/2014/10/11/timelapseshowreel_2014.html</guid>
        
        
        <category>Reel</category>
        
      </item>
    
  </channel>
</rss>
